NO,partNo,CustPart,Name,qty,price,total,unit
7,UB39-39-040,TEM1337,ENGINE MOUNT, 500 , 2.60 ," 1,300.00 ",pcs
8,12361-54121,TEM0525,ENGINE MOUNT, 200 , 3.50 , 700.00 ,pcs
9,50805-SAA-J82,TEM2127,ENGINE MOUNT, 150 , 7.80 ," 1,170.00 ",pcs
10,11320-4M400,TEM0974,ENGINE MOUNT, 100 , 3.50 , 350.00 ,pcs
11,12361-54140,TEM0544,ENGINE MOUNT, 100 , 3.80 , 380.00 ,pcs
12,11270-4M400,TEM0973,ENGINE MOUNT, 80 , 7.20 , 576.00 ,pcs
13,11320-0M002,TEM0580,ENGINE MOUNT, 60 , 4.20 , 252.00 ,pcs
14,50842-ST0-N10,TEM2077,ENGINE MOUNT, 60 , 4.80 , 288.00 ,pcs
15,8-94434208-1,TEM1066,ENGINE MOUNT, 60 , 5.20 , 312.00 ,pcs
16,12305-15040,TEM0941,ENGINE MOUNT, 50 , 6.20 , 310.00 ,pcs
17,S113-39-340,TEM0550,ENGINE MOUNT, 50 , 3.60 , 180.00 ,pcs
18,12361-38130,TEM1524,ENGINE MOUNT, 50 , 3.40 , 170.00 ,pcs
19,50842-SR3-030,TEM0628,ENGINE MOUNT, 40 , 3.00 , 120.00 ,pcs
20,MB581845,TEM0817,ENGINE MOUNT, 40 , 2.80 , 112.00 ,pcs
21,BJ0N-39-040C,TEM1015,ENGINE MOUNT, 40 , 5.50 , 220.00 ,pcs
22,MB691235,TEM0826,ENGINE MOUNT, 30 , 3.50 , 105.00 ,pcs
23,MB006605,TEM0135,ENGINE MOUNT, 30 , 3.00 , 90.00 ,pcs
24,12371-11510,TEM2114,ENGINE MOUNT, 40 , 11.50 , 460.00 ,pcs
25,MR197541,TEM1260,ENGINE MOUNT, 30 , 4.40 , 132.00 ,pcs
26,11210-6N000,TEM1086,ENGINE MOUNT, 25 , 7.60 , 190.00 ,pcs
27,50840-S5A-990,TEM1646,ENGINE MOUNT, 25 , 7.30 , 182.50 ,pcs
28,12362-22090,TEM1088,ENGINE MOUNT, 25 , 8.00 , 200.00 ,pcs
29,12361-15170,TEM0954,ENGINE MOUNT, 20 , 3.40 , 68.00 ,pcs
30,MB006605,TEM1534,ENGINE MOUNT, 50 , 3.00 , 150.00 ,pcs
31,8-97234977-2,TEM1065,ENGINE MOUNT, 20 , 6.80 , 136.00 ,pcs
32,12371-34030,TEM0540,ENGINE MOUNT, 20 , 4.10 , 82.00 ,pcs
33,MB691237,TEM0767,ENGINE MOUNT, 20 , 3.30 , 66.00 ,pcs
34,50841-ST0-N10,TEM1285,ENGINE MOUNT, 20 , 4.80 , 96.00 ,pcs
35,B25D-39-070C,TEM1075,ENGINE MOUNT, 20 , 8.50 , 170.00 ,pcs
